{
  "experiment": "simulated_deployment",
  "seed": 2025,
  "config": {
    "duration_hours": 0.5,
    "queries_per_hour": 60,
    "target_queries": 30
  },
  "metrics": {
    "timestamp": "2025-12-27T05:34:56.807357",
    "queries_processed": 30,
    "total_runtime_hours": 0.0082292240858078,
    "avg_latency_ms": 986.5010278920332,
    "p95_latency_ms": 1112.9389017412898,
    "p99_latency_ms": 1230.8954857499339,
    "memory_usage_mb": 761.9873046875,
    "memory_peak_mb": 986.0,
    "gpu_utilization_pct": 0,
    "errors_count": 0,
    "uptime_pct": 100.0
  },
  "memory_analysis": {
    "initial_mb": 753.86083984375,
    "peak_mb": 986.0,
    "leak_mb_per_hour": 3.050537967510249e-12
  },
  "errors": []
}