{
  "experiment": "latency_benchmark",
  "seed": 2026,
  "timestamp": "2025-12-27T05:23:23.364963",
  "config": {
    "n_tgp_queries": 100,
    "n_api_queries": 10,
    "n_local_queries": 20
  },
  "methods": {
    "tgp_temporal": {
      "mean_ms": 0.07885559811256826,
      "std_ms": 0.03432043282523161,
      "min_ms": 0.06369000766426325,
      "max_ms": 0.22596900817006826,
      "p50_ms": 0.06482499884441495,
      "p95_ms": 0.15399844269268215,
      "p99_ms": 0.21285250317305332,
      "n_queries": 100
    },
    "redis_baseline": {
      "mean_ms": 0.8457905042450875,
      "std_ms": 0.2817455281179229,
      "min_ms": 0.7180980173870921,
      "max_ms": 2.1676940377801657,
      "p50_ms": 0.7425180519931018,
      "p95_ms": 1.5092604095116253,
      "p99_ms": 1.9267289689742042,
      "n_queries": 100
    },
    "claude": {
      "error": "API key not set"
    },
    "local_llm": {
      "mean_ms": 1342.9262255609501,
      "std_ms": 395.95824767641034,
      "min_ms": 514.2439979827031,
      "max_ms": 1686.4644279703498,
      "p95_ms": 1683.613117953064,
      "n_queries": 20
    }
  },
  "speedup_vs_redis": 10.72581433010883
}