{
  "experiment": "latency_benchmark",
  "seed": 2025,
  "timestamp": "2025-12-27T05:23:23.364948",
  "config": {
    "n_tgp_queries": 100,
    "n_api_queries": 10,
    "n_local_queries": 20
  },
  "methods": {
    "tgp_temporal": {
      "mean_ms": 0.09075124165974557,
      "std_ms": 0.009836405522195106,
      "min_ms": 0.06486999336630106,
      "max_ms": 0.14768890105187893,
      "p50_ms": 0.08943502325564623,
      "p95_ms": 0.09849750204011797,
      "p99_ms": 0.14130456256680193,
      "n_queries": 100
    },
    "redis_baseline": {
      "mean_ms": 0.9211408207193017,
      "std_ms": 0.4033034633241591,
      "min_ms": 0.7321980083361268,
      "max_ms": 4.339668084867299,
      "p50_ms": 0.8101979619823396,
      "p95_ms": 1.4855579473078249,
      "p99_ms": 1.8534285004716495,
      "n_queries": 100
    },
    "claude": {
      "error": "API key not set"
    },
    "local_llm": {
      "mean_ms": 1068.6723457940388,
      "std_ms": 341.8903490048046,
      "min_ms": 614.5122450543568,
      "max_ms": 1686.7533919867128,
      "p95_ms": 1685.2799571992364,
      "n_queries": 20
    }
  },
  "speedup_vs_redis": 10.150173197331481
}